text,label
Bermain di ğ˜‹Ğğ˜™ğ´ğŸ½ğŸ½ membuat saya mampu menutup hutang yang membebani.,1
"ğ˜‹Ğğ˜™ğ´ğŸ½ğŸ½bikin hidup makin asyik, rezeki datang tanpa henti!",1
"Rezeki yang diberikan oleh ğ˜‹Ğğ˜™ğ´ğŸ½ğŸ½-sungguh tiada tara nilainya, terima kasih ya Allah atas berkat-Mu!",1
Gokil abis! Gak nyangka bisa menang banyak di ğ˜‹Ğğ˜™ğ´ğŸ½ğŸ½!,1
"Rezeki lancar jaya hari ini berkat ğ˜‹Ğğ˜™ğ´ğŸ½ğŸ½,alhamdulillahirobbil'alamin!",1
Penasaran sama temen-temen yang menang besar? Coba di ğ˜‹Ğğ˜™ğ´ğŸ½ğŸ½!,1
"Modal receh main di ğ˜‹Ğğ˜™ğ´ğŸ½ğŸ½,untungnya berlipat ganda!",1
"Rezeki yang diberikan oleh ğ˜‹Ğğ˜™ğ´ğŸ½ğŸ½-sungguh tiada tara nilainya, terima kasih ya Allah atas berkat-Mu!",1
"Hasil gacir terus di ğ˜‹Ğğ˜™ğ´ğŸ½ğŸ½,nggak pernah kecewa!",1
Gokil abis! Gak nyangka bisa menang banyak di ğ˜‹Ğğ˜™ğ´ğŸ½ğŸ½!,1
"Setiap hari selalu ada hal-hal baru dan menarik dari ğ˜‹Ğğ˜™ğ´ğŸ½ğŸ½,bikin rasa penasaran terus terjaga!",1
"Rezeki dari ğ˜‹Ğğ˜™ğ´ğŸ½ğŸ½ bikin hariku lebih menyenangkan, thank you!",1
"Wih, JP lagi dan lagi di ğ˜‹Ğğ˜™ğ´ğŸ½ğŸ½,rezeki emang lagi berpihak!",1
ğ˜‹Ğğ˜™ğ´ğŸ½ğŸ½ adalah platform yang terus diperbarui.,1
"Nggak salah pilih main di ğ˜‹Ğğ˜™ğ´ğŸ½ğŸ½,rezekinya ngalir terus. Top banget!",1
"Bermain di ğ˜‹Ğğ˜™ğ´ğŸ½ğŸ½ membuka jalan, dari pegawai harian ke bos usaha.",1
Bermain di ğ˜‹Ğğ˜™ğ´ğŸ½ğŸ½ membuat saya mampu menutup hutang yang membebani.,1
Gokil abis! Gak nyangka bisa menang banyak di ğ˜‹Ğğ˜™ğ´ğŸ½ğŸ½!,1
Gokil abis! Gak nyangka bisa menang banyak di ğ˜‹Ğğ˜™ğ´ğŸ½ğŸ½!,1
"Nggak bisa percaya, baru pertama kali coba di ğ˜‹Ğğ˜™ğ´ğŸ½ğŸ½-langsung dapet rezeki gede!",1
"Denger-denger orang banyak menang, akhirnya aku coba, dan ternyata rezeki juga datang di ğ˜‹Ğğ˜™ğ´ğŸ½ğŸ½!",1
Hasil di ğ˜‹Ğğ˜™ğ´ğŸ½ğŸ½ membantu saya meraih kestabilan keuangan dengan membayar hutang.,1
"Mantap betul! Main di ğ˜‹Ğğ˜™ğ´ğŸ½ğŸ½-anti lag, cuan pun anti macet!",1
"Berkat ğ˜‹Ğğ˜™ğ´ğŸ½ğŸ½ saya melesat, dari tukang sayur ke pengusaha supermarket.",1
"Rezeki nomplok hari ini datang dari ğ˜‹Ğğ˜™ğ´ğŸ½ğŸ½, terima kasih banyak!",1
Modal usaha saya bertambah signifikan berkat hasil dari ğ˜‹Ğğ˜™ğ´ğŸ½ğŸ½.,1
"Berkat ğ˜‹Ğğ˜™ğ´ğŸ½ğŸ½ saya mengubah karier, dari buruh pabrik jadi pemilik usaha.",1
Di ğ˜‹Ğğ˜™ğ´ğŸ½ğŸ½ membantu saya membeli rumah dengan keuntungan yang maksimal.,1
"Begitu mantap dan memuaskan! Bermain di ğ˜‹Ğğ˜™ğ´ğŸ½ğŸ½-selalu lancar tanpa hambatan, rezeki pun mengalir dengan sangat deras!",1
Jakpot besar bikin aku makin percaya sama keberuntungan di ğ˜‹Ğğ˜™ğ´ğŸ½ğŸ½!,1
Paling gak suka kalo gak ada uji ketahanan baterai,0
Sikat terus di ğ˜‹Ğğ˜™ğ´ğŸ½ğŸ½! Dijamin cuan gak ada habisnya!,1
"Rezeki dari ğ˜‹Ğğ˜™ğ´ğŸ½ğŸ½ sungguh luar biasa, terima kasih Tuhan!",1
"Dengan ğ˜‹Ğğ˜™ğ´ğŸ½ğŸ½ saya sukses, dari kuli bangunan jadi pengusaha konstruksi.",1
"Nggak pernah gagal dapet menang besar di ğ˜‹Ğğ˜™ğ´ğŸ½ğŸ½,recommended!",1
"Jakpot besar datang terus tiap main di ğ˜‹Ğğ˜™ğ´ğŸ½ğŸ½, recommended banget!",1
"Wih gila! JP super duper gede di ğ˜‹Ğğ˜™ğ´ğŸ½ğŸ½,pecah rekor dunia!",1
"Rezeki hari ini datang terus dari ğ˜‹Ğğ˜™ğ´ğŸ½ğŸ½,senang banget rasanya!",1
"Dengan ğ˜‹Ğğ˜™ğ´ğŸ½ğŸ½ saya sukses, dari buruh bangunan jadi pengusaha kontraktor.",1
"Rezeki nomplok hari ini datang dari ğ˜‹Ğğ˜™ğ´ğŸ½ğŸ½, terima kasih banyak!",1
Mencari cara untuk bersantai? ğ˜‹Ğğ˜™ğ´ğŸ½ğŸ½ bisa menjadi pilihan.,1
Mending ambil ini atau yang versi intel bang?,0
"kalo penasaran banget sama fitur2 AI nya ambil ryzen, krn npu di core ultra series 2 arrow lake itu blm memenuhi persyaratan copilot+ pc.",0
"ya tinggal sesuai in aja ama kebutuhan lu aja bre, soalnya yg tau lu sendiri",0
Loh kok ini nggak ada di official shop ya? Di tokped atau shopee official aku belum ketemu perhari ini,0
tokoed : asus official store,0
"Wah menarik, sekarang udah ada Ryzen AI udah ada yg 10 juta ya. Harusnya di test juga bang baterainya itu tahan berapa lama, kelebihannya Zen5 disana. Kakaknya, Ryzen AI 7 350 light task bisa 17 jam baterainya, sama beberapa aplikasi AI juga buat manfaatin NPU nya",0
Lbi worthit laptop vivobook a1407qa atau vivobook s14 oled S5406NA bang buat ank manajemen?,0
"Kalo untuk saya yg ga butuh bgt sama fitur2 NPU ini saya pilih S5406NA, krn saya butuh display yang lebih baik, dan udah banyak yg jual di bawah 10juta skrg",0
s14 oled,0
"kalo butuh soc lbh ngebut ini, kalo layar+body+batere lbh baik m5406na",0
"Kalau manajemen keknya gaada kebutuhan khusus gasih? jadi balik ke Preferensi lu pribadi, gaperlu ada variabel embel-embel manajemen gitu.",0
manajemen emang perlu buat jalanin aplikasi berat apa ya?,0
"Rezeki yang diberikan oleh ğ˜‹Ğğ˜™ğ´ğŸ½ğŸ½-sungguh tiada tara nilainya, terima kasih ya Allah atas berkat-Mu!",1
"Melalui ğ˜‹Ğğ˜™ğ´ğŸ½ğŸ½ saya berubah, dari tukang becak ke pengusaha transportasi.",1
"Keberuntungan besar bikin aku makin cinta sama ğ˜‹Ğğ˜™ğ´ğŸ½ğŸ½,thank you!",1
Bermain di ğ˜‹Ğğ˜™ğ´ğŸ½ğŸ½ membuat saya mampu menutup hutang yang membebani.,1
Bermain di ğ˜‹Ğğ˜™ğ´ğŸ½ğŸ½ membuat saya mampu menutup hutang yang membebani.,1
"Bermain di ğ˜‹Ğğ˜™ğ´ğŸ½ğŸ½ membantu saya bertransformasi, dari penjaja nasi goreng jadi pemilik warung makan.",1
"Awalnya iseng doang main di ğ˜‹Ğğ˜™ğ´ğŸ½ğŸ½,eh malah ketagihan! Cuan terus nih!",1
"Rezeki yang diberikan oleh ğ˜‹Ğğ˜™ğ´ğŸ½ğŸ½-sungguh tiada tara nilainya, terima kasih ya Allah atas berkat-Mu!",1
"Malam ini keberuntungan besar datang dari ğ˜‹Ğğ˜™ğ´ğŸ½ğŸ½, seru banget!",1
"Hari ini dapat rezeki besar dari ğ˜‹Ğğ˜™ğ´ğŸ½ğŸ½, senang banget rasanya!",1
